ID,Command,Log File,Result,All Detected Rules
1,"echo ""ZWNobyBIZWxsbyBmcm9tIEF0b21pYyBSZWQgVGVhbSAmJiB1bmFtZSAtdgo="" | base64 --decode > /tmp/art.sh && chmod +x /tmp/art.sh && /tmp/art.sh",Decode_Base64_Encoded_Text_attack1.log,Bypass Target Rule,Syslog Clearing or Removal Via System Utilities | Execution Of Script Located In Potentially Suspicious Directory
2,printf '%s\n' ZWNobyBIZWxsbyBmcm9tIEF0b21pYyBSZWQgVGVhbSAmJiB1bmFtZSAtdgo= | base64 -d > /tmp/art.sh && chmod +x /tmp/art.sh && /tmp/art.sh,Decode_Base64_Encoded_Text_attack2.log,Bypass Target Rule,Syslog Clearing or Removal Via System Utilities | Execution Of Script Located In Potentially Suspicious Directory
3,"echo ""ZWNobyBIZWxsbyBmcm9tIEF0b21pYyBSZWQgVGVhbSAmJiB1bmFtZSAtdgo="" | base64 -d | tee /tmp/art.sh >/dev/null && chmod +x /tmp/art.sh && /tmp/art.sh",Decode_Base64_Encoded_Text_attack3.log,Trigger: Decode Base64 Encoded Text,Decode Base64 Encoded Text | Syslog Clearing or Removal Via System Utilities | Execution Of Script Located In Potentially Suspicious Directory
4,echo ZWNobyBIZWxsbyBmcm9tIEF0b21pYyBSZWQgVGVhbSAmJiB1bmFtZSAtdgo= | base64 -d | sh,Decode_Base64_Encoded_Text_attack4.log,Trigger: Decode Base64 Encoded Text,Decode Base64 Encoded Text | System Information Discovery | Syslog Clearing or Removal Via System Utilities | Linux Base64 Encoded Pipe to Shell
5,"base64 -d <<< ""ZWNobyBIZWxsbyBmcm9tIEF0b21pYyBSZWQgVGVhbSAmJiB1bmFtZSAtdgo="" > /tmp/art.sh && chmod +x /tmp/art.sh && /tmp/art.sh",Decode_Base64_Encoded_Text_attack5.log,Bypass Target Rule,Syslog Clearing or Removal Via System Utilities | Execution Of Script Located In Potentially Suspicious Directory
6,echo ZWNobyBIZWxsbyBmcm9tIEF0b21pYyBSZWQgVGVhbSAmJiB1bmFtZSAtdgo= | base64 -d | bash,Decode_Base64_Encoded_Text_attack6.log,Trigger: Decode Base64 Encoded Text,Decode Base64 Encoded Text | System Information Discovery | Syslog Clearing or Removal Via System Utilities | Linux Base64 Encoded Pipe to Shell
7,"(echo ""ZWNobyBIZWxsbyBmcm9tIEF0b21pYyBSZWQgVGVhbSAmJiB1bmFtZSAtdgo="" | base64 -d) > /tmp/art.sh; chmod +x /tmp/art.sh; /tmp/art.sh",Decode_Base64_Encoded_Text_attack7.log,Bypass Target Rule,System Information Discovery | Syslog Clearing or Removal Via System Utilities | Execution Of Script Located In Potentially Suspicious Directory | Chmod Suspicious Directory
8,export CMD=ZWNobyBIZWxsbyBmcm9tIEF0b21pYyBSZWQgVGVhbSAmJiB1bmFtZSAtdgo=; echo $CMD | base64 -d > /tmp/art.sh && chmod +x /tmp/art.sh && /tmp/art.sh,Decode_Base64_Encoded_Text_attack8.log,Bypass Target Rule,Syslog Clearing or Removal Via System Utilities | Execution Of Script Located In Potentially Suspicious Directory
9,"echo ""ZWNobyBIZWxsbyBmcm9tIEF0b21pYyBSZWQgVGVhbSAmJiB1bmFtZSAtdgo="" | openssl enc -base64 -d > /tmp/art.sh && chmod +x /tmp/art.sh && /tmp/art.sh",Decode_Base64_Encoded_Text_attack9.log,Bypass Target Rule,Syslog Clearing or Removal Via System Utilities | Execution Of Script Located In Potentially Suspicious Directory
10,"python3 -c 'import base64;open(""/tmp/art.sh"",""wb"").write(base64.b64decode(""ZWNobyBIZWxsbyBmcm9tIEF0b21pYyBSZWQgVGVhbSAmJiB1bmFtZSAtdgo=""))'; chmod +x /tmp/art.sh; /tmp/art.sh",Decode_Base64_Encoded_Text_attack10.log,Bypass Target Rule,System Information Discovery | Syslog Clearing or Removal Via System Utilities | Execution Of Script Located In Potentially Suspicious Directory | Chmod Suspicious Directory
11,"perl -MMIME::Base64 -e 'print decode_base64(""ZWNobyBIZWxsbyBmcm9tIEF0b21pYyBSZWQgVGVhbSAmJiB1bmFtZSAtdgo="")' > /tmp/art.sh; chmod +x /tmp/art.sh; /tmp/art.sh",Decode_Base64_Encoded_Text_attack11.log,Bypass Target Rule,System Information Discovery | Syslog Clearing or Removal Via System Utilities | Execution Of Script Located In Potentially Suspicious Directory | Chmod Suspicious Directory
12,"echo ""ZWNobyBIZWxsbyBmcm9tIEF0b21pYyBSZWQgVGVhbSAmJiB1bmFtZSAtdgo="" | base64 -d | bash",Decode_Base64_Encoded_Text_attack12.log,Trigger: Decode Base64 Encoded Text,Decode Base64 Encoded Text | System Information Discovery | Syslog Clearing or Removal Via System Utilities | Linux Base64 Encoded Pipe to Shell
13,cat <<< ZWNobyBIZWxsbyBmcm9tIEF0b21pYyBSZWQgVGVhbSAmJiB1bmFtZSAtdgo= | base64 -d | bash,Decode_Base64_Encoded_Text_attack13.log,Bypass Target Rule,Syslog Clearing or Removal Via System Utilities | Linux Base64 Encoded Pipe to Shell
14,"echo ""ZWNobyBIZWxsbyBmcm9tIEF0b21pYyBSZWQgVGVhbSAmJiB1bmFtZSAtdgo="" | base64 --decode | sh",Decode_Base64_Encoded_Text_attack14.log,Trigger: Decode Base64 Encoded Text,Decode Base64 Encoded Text | System Information Discovery | Syslog Clearing or Removal Via System Utilities | Linux Base64 Encoded Pipe to Shell
15,base64 -d <<<ZWNobyBIZWxsbyBmcm9tIEF0b21pYyBSZWQgVGVhbSAmJiB1bmFtZSAtdgo= | bash,Decode_Base64_Encoded_Text_attack15.log,Bypass Target Rule,Syslog Clearing or Removal Via System Utilities | Linux Base64 Encoded Pipe to Shell
16,(echo ZWNobyBIZWxsbyBmcm9tIEF0b21pYyBSZWQgVGVhbSAmJiB1bmFtZSAtdgo= | base64 -d) | bash,Decode_Base64_Encoded_Text_attack16.log,Trigger: Decode Base64 Encoded Text,Decode Base64 Encoded Text | System Information Discovery | Syslog Clearing or Removal Via System Utilities | Linux Base64 Encoded Pipe to Shell
17,printf ZWNobyBIZWxsbyBmcm9tIEF0b21pYyBSZWQgVGVhbSAmJiB1bmFtZSAtdgo= | base64 -d | bash,Decode_Base64_Encoded_Text_attack17.log,Trigger: Decode Base64 Encoded Text,Decode Base64 Encoded Text | System Information Discovery | Syslog Clearing or Removal Via System Utilities | Linux Base64 Encoded Pipe to Shell
18,"export VAR=""ZWNobyBIZWxsbyBmcm9tIEF0b21pYyBSZWQgVGVhbSAmJiB1bmFtZSAtdgo=""; echo $VAR | base64 -d | bash",Decode_Base64_Encoded_Text_attack18.log,Trigger: Decode Base64 Encoded Text,Decode Base64 Encoded Text | System Information Discovery | Syslog Clearing or Removal Via System Utilities | Linux Base64 Encoded Pipe to Shell
19,"base64 --decode <<<""ZWNobyBIZWxsbyBmcm9tIEF0b21pYyBSZWQgVGVhbSAmJiB1bmFtZSAtdgo="" | bash",Decode_Base64_Encoded_Text_attack19.log,Bypass Target Rule,Syslog Clearing or Removal Via System Utilities | Linux Base64 Encoded Pipe to Shell
20,"bash -c ""$(echo ZWNobyBIZWxsbyBmcm9tIEF0b21pYyBSZWQgVGVhbSAmJiB1bmFtZSAtdgo= | base64 -d)""",Decode_Base64_Encoded_Text_attack20.log,Trigger: Decode Base64 Encoded Text,Decode Base64 Encoded Text | System Information Discovery | Syslog Clearing or Removal Via System Utilities
21,"sh -c ""$(echo ZWNobyBIZWxsbyBmcm9tIEF0b21pYyBSZWQgVGVhbSAmJiB1bmFtZSAtdgo= | base64 -d)""",Decode_Base64_Encoded_Text_attack21.log,Trigger: Decode Base64 Encoded Text,Decode Base64 Encoded Text | System Information Discovery | Syslog Clearing or Removal Via System Utilities
22,echo ZWNobyBIZWxsbyBmcm9tIEF0b21pYyBSZWQgVGVhbSAmJiB1bmFtZSAtdgo= | base64 -d | tee /tmp/art.sh | bash,Decode_Base64_Encoded_Text_attack22.log,Trigger: Decode Base64 Encoded Text,System Information Discovery | Syslog Clearing or Removal Via System Utilities | Decode Base64 Encoded Text | Execution Of Script Located In Potentially Suspicious Directory | Linux Base64 Encoded Pipe to Shell
23,echo ZWNobyBIZWxsbyBmcm9tIEF0b21pYyBSZWQgVGVhbSAmJiB1bmFtZSAtdgo= | base64 -d | xargs -I{} bash -c '{}',Decode_Base64_Encoded_Text_attack23.log,Trigger: Decode Base64 Encoded Text,Decode Base64 Encoded Text | System Information Discovery | Syslog Clearing or Removal Via System Utilities
24,perl -MMIME::Base64 -ne 'print decode_base64($_)' <<< ZWNobyBIZWxsbyBmcm9tIEF0b21pYyBSZWQgVGVhbSAmJiB1bmFtZSAtdgo= | bash,Decode_Base64_Encoded_Text_attack24.log,Bypass Target Rule,Syslog Clearing or Removal Via System Utilities | Linux Base64 Encoded Pipe to Shell
25,"python -c 'import base64;print(base64.b64decode(""ZWNobyBIZWxsbyBmcm9tIEF0b21pYyBSZWQgVGVhbSAmJiB1bmFtZSAtdgo="").decode())' | bash",Decode_Base64_Encoded_Text_attack25.log,Bypass Target Rule,Syslog Clearing or Removal Via System Utilities
26,echo ZWNobyBIZWxsbyBmcm9tIEF0b21pYyBSZWQgVGVhbSAmJiB1bmFtZSAtdgo= | base64 -d | bash -s,Decode_Base64_Encoded_Text_attack26.log,Trigger: Decode Base64 Encoded Text,Decode Base64 Encoded Text | System Information Discovery | Syslog Clearing or Removal Via System Utilities | Linux Base64 Encoded Pipe to Shell
27,base64 -d <(echo ZWNobyBIZWxsbyBmcm9tIEF0b21pYyBSZWQgVGVhbSAmJiB1bmFtZSAtdgo=) > /tmp/art.sh && chmod +x /tmp/art.sh && /tmp/art.sh,Decode_Base64_Encoded_Text_attack27.log,Bypass Target Rule,Syslog Clearing or Removal Via System Utilities | Execution Of Script Located In Potentially Suspicious Directory
28,echo ZWNobyBIZWxsbyBmcm9tIEF0b21pYyBSZWQgVGVhbSAmJiB1bmFtZSAtdgo= | tr -d '\n' | base64 -d | bash,Decode_Base64_Encoded_Text_attack28.log,Trigger: Decode Base64 Encoded Text,Decode Base64 Encoded Text | System Information Discovery | Syslog Clearing or Removal Via System Utilities | Linux Base64 Encoded Pipe to Shell
29,echo -n ZWNobyBIZWxsbyBmcm9tIEF0b21pYyBSZWQgVGVhbSAmJiB1bmFtZSAtdgo= | base64 -d | bash,Decode_Base64_Encoded_Text_attack29.log,Trigger: Decode Base64 Encoded Text,Decode Base64 Encoded Text | System Information Discovery | Syslog Clearing or Removal Via System Utilities | Linux Base64 Encoded Pipe to Shell
30,(base64 -d <<< ZWNobyBIZWxsbyBmcm9tIEF0b21pYyBSZWQgVGVhbSAmJiB1bmFtZSAtdgo=) | sh,Decode_Base64_Encoded_Text_attack30.log,Bypass Target Rule,Syslog Clearing or Removal Via System Utilities | Linux Base64 Encoded Pipe to Shell
31,cat <(echo ZWNobyBIZWxsbyBmcm9tIEF0b21pYyBSZWQgVGVhbSAmJiB1bmFtZSAtdgo=) | base64 -d | bash,Decode_Base64_Encoded_Text_attack31.log,Bypass Target Rule,Syslog Clearing or Removal Via System Utilities | Linux Base64 Encoded Pipe to Shell
32,VAR=ZWNobyBIZWxsbyBmcm9tIEF0b21pYyBSZWQgVGVhbSAmJiB1bmFtZSAtdgo=; echo $VAR | base64 --decode | bash,Decode_Base64_Encoded_Text_attack32.log,Trigger: Decode Base64 Encoded Text,Decode Base64 Encoded Text | System Information Discovery | Syslog Clearing or Removal Via System Utilities | Linux Base64 Encoded Pipe to Shell
33,"echo -e ""ZWNobyBIZWxsbyBmcm9tIEF0b21pYyBSZWQgVGVhbSAmJiB1bmFtZSAtdgo="" | base64 -d | bash",Decode_Base64_Encoded_Text_attack33.log,Trigger: Decode Base64 Encoded Text,Decode Base64 Encoded Text | Syslog Clearing or Removal Via System Utilities | Linux Base64 Encoded Pipe to Shell
34,"bash -c ""`echo ZWNobyBIZWxsbyBmcm9tIEF0b21pYyBSZWQgVGVhbSAmJiB1bmFtZSAtdgo= | base64 -d`""",Decode_Base64_Encoded_Text_attack34.log,Trigger: Decode Base64 Encoded Text,Decode Base64 Encoded Text | System Information Discovery | Syslog Clearing or Removal Via System Utilities
35,"echo ""ZWNobyBIZWxsbyBmcm9tIEF0b21pYyBSZWQgVGVhbSAmJiB1bmFtZSAtdgo="" | base64 -d | (cat > /tmp/art.sh; chmod +x /tmp/art.sh; /tmp/art.sh)",Decode_Base64_Encoded_Text_attack35.log,Trigger: Decode Base64 Encoded Text,System Information Discovery | Syslog Clearing or Removal Via System Utilities | Chmod Suspicious Directory | Decode Base64 Encoded Text | Execution Of Script Located In Potentially Suspicious Directory
36,echo 'ZWNobyBIZWxsbyBmcm9tIEF0b21pYyBSZWQgVGVhbSAmJiB1bmFtZSAtdgo=' | base64 -d | bash,Decode_Base64_Encoded_Text_attack36.log,Trigger: Decode Base64 Encoded Text,Decode Base64 Encoded Text | System Information Discovery | Syslog Clearing or Removal Via System Utilities | Linux Base64 Encoded Pipe to Shell
37,"(echo ""ZWNobyBIZWxsbyBmcm9tIEF0b21pYyBSZWQgVGVhbSAmJiB1bmFtZSAtdgo="") | base64 -d | bash",Decode_Base64_Encoded_Text_attack37.log,Trigger: Decode Base64 Encoded Text,Decode Base64 Encoded Text | System Information Discovery | Syslog Clearing or Removal Via System Utilities | Linux Base64 Encoded Pipe to Shell
38,"echo ""ZWNobyBIZWxsbyBmcm9tIEF0b21pYyBSZWQgVGVhbSAmJiB1bmFtZSAtdgo="" | base64 --decode | bash",Decode_Base64_Encoded_Text_attack38.log,Trigger: Decode Base64 Encoded Text,Decode Base64 Encoded Text | System Information Discovery | Syslog Clearing or Removal Via System Utilities | Linux Base64 Encoded Pipe to Shell
39,echo ZWNobyBIZWxsbyBmcm9tIEF0b21pYyBSZWQgVGVhbSAmJiB1bmFtZSAtdgo= | base64 -d | /bin/bash,Decode_Base64_Encoded_Text_attack39.log,Trigger: Decode Base64 Encoded Text,Decode Base64 Encoded Text | System Information Discovery | Syslog Clearing or Removal Via System Utilities
40,echo ZWNobyBIZWxsbyBmcm9tIEF0b21pYyBSZWQgVGVhbSAmJiB1bmFtZSAtdgo= | base64 -d | /usr/bin/bash,Decode_Base64_Encoded_Text_attack40.log,Trigger: Decode Base64 Encoded Text,Decode Base64 Encoded Text | System Information Discovery | Syslog Clearing or Removal Via System Utilities
41,echo ZWNobyBIZWxsbyBmcm9tIEF0b21pYyBSZWQgVGVhbSAmJiB1bmFtZSAtdgo= | base64 -d | /bin/sh,Decode_Base64_Encoded_Text_attack41.log,Trigger: Decode Base64 Encoded Text,Decode Base64 Encoded Text | System Information Discovery | Syslog Clearing or Removal Via System Utilities
42,bash <(echo ZWNobyBIZWxsbyBmcm9tIEF0b21pYyBSZWQgVGVhbSAmJiB1bmFtZSAtdgo= | base64 -d),Decode_Base64_Encoded_Text_attack42.log,Bypass Target Rule,Syslog Clearing or Removal Via System Utilities
43,bash < <(echo ZWNobyBIZWxsbyBmcm9tIEF0b21pYyBSZWQgVGVhbSAmJiB1bmFtZSAtdgo= | base64 -d),Decode_Base64_Encoded_Text_attack43.log,Bypass Target Rule,Syslog Clearing or Removal Via System Utilities
44,source <(echo ZWNobyBIZWxsbyBmcm9tIEF0b21pYyBSZWQgVGVhbSAmJiB1bmFtZSAtdgo= | base64 -d),Decode_Base64_Encoded_Text_attack44.log,Bypass Target Rule,Syslog Clearing or Removal Via System Utilities
45,(echo ZWNobyBIZWxsbyBmcm9tIEF0b21pYyBSZWQgVGVhbSAmJiB1bmFtZSAtdgo= | base64 -d) | source /dev/stdin,Decode_Base64_Encoded_Text_attack45.log,Trigger: Decode Base64 Encoded Text,Decode Base64 Encoded Text | Syslog Clearing or Removal Via System Utilities
46,"nohup bash -c ""$(echo ZWNobyBIZWxsbyBmcm9tIEF0b21pYyBSZWQgVGVhbSAmJiB1bmFtZSAtdgo= | base64 -d)"" &",Decode_Base64_Encoded_Text_attack46.log,Trigger: Decode Base64 Encoded Text,Decode Base64 Encoded Text | System Information Discovery | Syslog Clearing or Removal Via System Utilities | Nohup Execution
47,eval $(echo ZWNobyBIZWxsbyBmcm9tIEF0b21pYyBSZWQgVGVhbSAmJiB1bmFtZSAtdgo= | base64 -d),Decode_Base64_Encoded_Text_attack47.log,Trigger: Decode Base64 Encoded Text,Decode Base64 Encoded Text | System Information Discovery | Syslog Clearing or Removal Via System Utilities
48,"bash -i -c ""$(echo ZWNobyBIZWxsbyBmcm9tIEF0b21pYyBSZWQgVGVhbSAmJiB1bmFtZSAtdgo= | base64 -d)""",Decode_Base64_Encoded_Text_attack48.log,Trigger: Decode Base64 Encoded Text,System Information Discovery | Syslog Clearing or Removal Via System Utilities | Bash Interactive Shell | Decode Base64 Encoded Text | Local Groups Discovery - Linux
49,"cp /usr/bin/base64 /tmp/b64 && echo ""ZWNobyBIZWxsbyBmcm9tIEF0b21pYyBSZWQgVGVhbSAmJiB1bmFtZSAtdgo="" | /tmp/b64 -d > /tmp/art.sh && chmod +x /tmp/art.sh && /tmp/art.sh",Decode_Base64_Encoded_Text_attack49.log,Bypass Target Rule,Syslog Clearing or Removal Via System Utilities | Execution Of Script Located In Potentially Suspicious Directory
50,"cp $(which base64) /tmp/b64 && echo ""ZWNobyBIZWxsbyBmcm9tIEF0b21pYyBSZWQgVGVhbSAmJiB1bmFtZSAtdgo="" | /tmp/b64 -d > /tmp/art.sh && chmod +x /tmp/art.sh && /tmp/art.sh",Decode_Base64_Encoded_Text_attack50.log,Bypass Target Rule,Syslog Clearing or Removal Via System Utilities | Execution Of Script Located In Potentially Suspicious Directory
51,"cp $(command -v base64) ./decode && echo ""ZWNobyBIZWxsbyBmcm9tIEF0b21pYyBSZWQgVGVhbSAmJiB1bmFtZSAtdgo="" | ./decode -d > /tmp/art.sh && chmod +x /tmp/art.sh && /tmp/art.sh",Decode_Base64_Encoded_Text_attack51.log,Bypass Target Rule,Syslog Clearing or Removal Via System Utilities | Execution Of Script Located In Potentially Suspicious Directory
52,"install -m 755 $(which base64) /tmp/d64 && echo ""ZWNobyBIZWxsbyBmcm9tIEF0b21pYyBSZWQgVGVhbSAmJiB1bmFtZSAtdgo="" | /tmp/d64 -d > /tmp/art.sh && chmod +x /tmp/art.sh && /tmp/art.sh",Decode_Base64_Encoded_Text_attack52.log,Bypass Target Rule,Syslog Clearing or Removal Via System Utilities | Execution Of Script Located In Potentially Suspicious Directory
53,"cp /bin/base64 /tmp/d && echo ""ZWNobyBIZWxsbyBmcm9tIEF0b21pYyBSZWQgVGVhbSAmJiB1bmFtZSAtdgo="" | /tmp/d -d > /tmp/art.sh && chmod +x /tmp/art.sh && /tmp/art.sh",Decode_Base64_Encoded_Text_attack53.log,Bypass Target Rule,Syslog Clearing or Removal Via System Utilities | Execution Of Script Located In Potentially Suspicious Directory
54,"cp $(which base64) /tmp/d1 && echo ""ZWNobyBIZWxsbyBmcm9tIEF0b21pYyBSZWQgVGVhbSAmJiB1bmFtZSAtdgo="" | /tmp/d1 -d > /tmp/art.sh && chmod +x /tmp/art.sh && /tmp/art.sh",Decode_Base64_Encoded_Text_attack54.log,Bypass Target Rule,Syslog Clearing or Removal Via System Utilities | Execution Of Script Located In Potentially Suspicious Directory
55,"cp /usr/bin/base64 ./myb64 && echo ""ZWNobyBIZWxsbyBmcm9tIEF0b21pYyBSZWQgVGVhbSAmJiB1bmFtZSAtdgo="" | ./myb64 -d > /tmp/art.sh && chmod +x /tmp/art.sh && /tmp/art.sh",Decode_Base64_Encoded_Text_attack55.log,Bypass Target Rule,Syslog Clearing or Removal Via System Utilities | Execution Of Script Located In Potentially Suspicious Directory
56,"cp /usr/bin/base64 /tmp/exec && /tmp/exec -d <<< ""ZWNobyBIZWxsbyBmcm9tIEF0b21pYyBSZWQgVGVhbSAmJiB1bmFtZSAtdgo="" > /tmp/art.sh && chmod +x /tmp/art.sh && /tmp/art.sh",Decode_Base64_Encoded_Text_attack56.log,Bypass Target Rule,Syslog Clearing or Removal Via System Utilities | Execution Of Script Located In Potentially Suspicious Directory
57,"cp $(which base64) /dev/shm/b64 && /dev/shm/b64 -d <<< ""ZWNobyBIZWxsbyBmcm9tIEF0b21pYyBSZWQgVGVhbSAmJiB1bmFtZSAtdgo="" > /tmp/art.sh && chmod +x /tmp/art.sh && /tmp/art.sh",Decode_Base64_Encoded_Text_attack57.log,Bypass Target Rule,Syslog Clearing or Removal Via System Utilities | Execution Of Script Located In Potentially Suspicious Directory
58,"cp $(which base64) /tmp/.b64 && /tmp/.b64 -d <<< ""ZWNobyBIZWxsbyBmcm9tIEF0b21pYyBSZWQgVGVhbSAmJiB1bmFtZSAtdgo="" > /tmp/art.sh && chmod +x /tmp/art.sh && /tmp/art.sh",Decode_Base64_Encoded_Text_attack58.log,Bypass Target Rule,Syslog Clearing or Removal Via System Utilities | Execution Of Script Located In Potentially Suspicious Directory
59,"cp /usr/bin/base64 /tmp/.hidden && /tmp/.hidden -d <<< ""ZWNobyBIZWxsbyBmcm9tIEF0b21pYyBSZWQgVGVhbSAmJiB1bmFtZSAtdgo="" > /tmp/art.sh && chmod +x /tmp/art.sh && /tmp/art.sh",Decode_Base64_Encoded_Text_attack59.log,Bypass Target Rule,Syslog Clearing or Removal Via System Utilities | Execution Of Script Located In Potentially Suspicious Directory
60,"cp /usr/bin/base64 /tmp/demux && /tmp/demux -d <<< ""ZWNobyBIZWxsbyBmcm9tIEF0b21pYyBSZWQgVGVhbSAmJiB1bmFtZSAtdgo="" > /tmp/art.sh && chmod +x /tmp/art.sh && /tmp/art.sh",Decode_Base64_Encoded_Text_attack60.log,Bypass Target Rule,Syslog Clearing or Removal Via System Utilities | Execution Of Script Located In Potentially Suspicious Directory
61,"cp /usr/bin/base64 /var/tmp/x && /var/tmp/x -d <<< ""ZWNobyBIZWxsbyBmcm9tIEF0b21pYyBSZWQgVGVhbSAmJiB1bmFtZSAtdgo="" > /tmp/art.sh && chmod +x /tmp/art.sh && /tmp/art.sh",Decode_Base64_Encoded_Text_attack61.log,Bypass Target Rule,Syslog Clearing or Removal Via System Utilities | Execution Of Script Located In Potentially Suspicious Directory
62,"cp /bin/base64 /tmp/btool && /tmp/btool -d <<< ""ZWNobyBIZWxsbyBmcm9tIEF0b21pYyBSZWQgVGVhbSAmJiB1bmFtZSAtdgo="" > /tmp/art.sh && chmod +x /tmp/art.sh && /tmp/art.sh",Decode_Base64_Encoded_Text_attack62.log,Bypass Target Rule,Syslog Clearing or Removal Via System Utilities | Execution Of Script Located In Potentially Suspicious Directory
63,"cp /bin/base64 /tmp/b64decode && /tmp/b64decode -d <<< ""ZWNobyBIZWxsbyBmcm9tIEF0b21pYyBSZWQgVGVhbSAmJiB1bmFtZSAtdgo="" > /tmp/art.sh && chmod +x /tmp/art.sh && /tmp/art.sh",Decode_Base64_Encoded_Text_attack63.log,Bypass Target Rule,Syslog Clearing or Removal Via System Utilities | Execution Of Script Located In Potentially Suspicious Directory
64,"cp $(which base64) /tmp/sneaky && /tmp/sneaky -d <<< ""ZWNobyBIZWxsbyBmcm9tIEF0b21pYyBSZWQgVGVhbSAmJiB1bmFtZSAtdgo="" > /tmp/art.sh && chmod +x /tmp/art.sh && /tmp/art.sh",Decode_Base64_Encoded_Text_attack64.log,Bypass Target Rule,Syslog Clearing or Removal Via System Utilities | Execution Of Script Located In Potentially Suspicious Directory
65,"cp $(which base64) /tmp/runner && /tmp/runner -d <<< ""ZWNobyBIZWxsbyBmcm9tIEF0b21pYyBSZWQgVGVhbSAmJiB1bmFtZSAtdgo="" > /tmp/art.sh && chmod +x /tmp/art.sh && /tmp/art.sh",Decode_Base64_Encoded_Text_attack65.log,Bypass Target Rule,Syslog Clearing or Removal Via System Utilities | Execution Of Script Located In Potentially Suspicious Directory
66,"cp /usr/bin/base64 /tmp/recode && /tmp/recode -d <<< ""ZWNobyBIZWxsbyBmcm9tIEF0b21pYyBSZWQgVGVhbSAmJiB1bmFtZSAtdgo="" > /tmp/art.sh && chmod +x /tmp/art.sh && /tmp/art.sh",Decode_Base64_Encoded_Text_attack66.log,Bypass Target Rule,Syslog Clearing or Removal Via System Utilities | Execution Of Script Located In Potentially Suspicious Directory
67,"cp $(command -v base64) /tmp/x && /tmp/x -d <<< ""ZWNobyBIZWxsbyBmcm9tIEF0b21pYyBSZWQgVGVhbSAmJiB1bmFtZSAtdgo="" > /tmp/art.sh && chmod +x /tmp/art.sh && /tmp/art.sh",Decode_Base64_Encoded_Text_attack67.log,Bypass Target Rule,Syslog Clearing or Removal Via System Utilities | Execution Of Script Located In Potentially Suspicious Directory
68,"cp /usr/bin/base64 /tmp/util && /tmp/util -d <<< ""ZWNobyBIZWxsbyBmcm9tIEF0b21pYyBSZWQgVGVhbSAmJiB1bmFtZSAtdgo="" > /tmp/art.sh && chmod +x /tmp/art.sh && /tmp/art.sh",Decode_Base64_Encoded_Text_attack68.log,Bypass Target Rule,Syslog Clearing or Removal Via System Utilities | Execution Of Script Located In Potentially Suspicious Directory
69,"echo ""ZWNobyBIZWxsbyBmcm9tIEF0b21pYyBSZWQgVGVhbSAmJiB1bmFtZSAtdgo="" | base64 -'d' > /tmp/art.sh && chmod +x /tmp/art.sh && /tmp/art.sh",Decode_Base64_Encoded_Text_attack69.log,Bypass Target Rule,Syslog Clearing or Removal Via System Utilities | Execution Of Script Located In Potentially Suspicious Directory
70,"echo ""ZWNobyBIZWxsbyBmcm9tIEF0b21pYyBSZWQgVGVhbSAmJiB1bmFtZSAtdgo="" | base64 -d -- > /tmp/art.sh && chmod +x /tmp/art.sh && /tmp/art.sh",Decode_Base64_Encoded_Text_attack70.log,Bypass Target Rule,Syslog Clearing or Removal Via System Utilities | Execution Of Script Located In Potentially Suspicious Directory
71,"echo ""ZWNobyBIZWxsbyBmcm9tIEF0b21pYyBSZWQgVGVhbSAmJiB1bmFtZSAtdgo="" | base64 --""decode"" > /tmp/art.sh && chmod +x /tmp/art.sh && /tmp/art.sh",Decode_Base64_Encoded_Text_attack71.log,Bypass Target Rule,Syslog Clearing or Removal Via System Utilities | Execution Of Script Located In Potentially Suspicious Directory
72,"echo ""ZWNobyBIZWxsbyBmcm9tIEF0b21pYyBSZWQgVGVhbSAmJiB1bmFtZSAtdgo="" | base64 --de""code"" > /tmp/art.sh && chmod +x /tmp/art.sh && /tmp/art.sh",Decode_Base64_Encoded_Text_attack72.log,Bypass Target Rule,Syslog Clearing or Removal Via System Utilities | Execution Of Script Located In Potentially Suspicious Directory
73,"echo ""ZWNobyBIZWxsbyBmcm9tIEF0b21pYyBSZWQgVGVhbSAmJiB1bmFtZSAtdgo="" | base64 -d|cat > /tmp/art.sh && chmod +x /tmp/art.sh && /tmp/art.sh",Decode_Base64_Encoded_Text_attack73.log,Trigger: Decode Base64 Encoded Text,Decode Base64 Encoded Text | Syslog Clearing or Removal Via System Utilities | Execution Of Script Located In Potentially Suspicious Directory
74,"echo ""ZWNobyBIZWxsbyBmcm9tIEF0b21pYyBSZWQgVGVhbSAmJiB1bmFtZSAtdgo="" | /usr/bin/base64 -d > /tmp/art.sh && chmod +x /tmp/art.sh && /tmp/art.sh",Decode_Base64_Encoded_Text_attack74.log,Bypass Target Rule,Syslog Clearing or Removal Via System Utilities | Execution Of Script Located In Potentially Suspicious Directory
75,"echo ""ZWNobyBIZWxsbyBmcm9tIEF0b21pYyBSZWQgVGVhbSAmJiB1bmFtZSAtdgo="" | base64 '-d' > /tmp/art.sh && chmod +x /tmp/art.sh && /tmp/art.sh",Decode_Base64_Encoded_Text_attack75.log,Bypass Target Rule,Syslog Clearing or Removal Via System Utilities | Execution Of Script Located In Potentially Suspicious Directory
76,"echo ""ZWNobyBIZWxsbyBmcm9tIEF0b21pYyBSZWQgVGVhbSAmJiB1bmFtZSAtdgo="" | ""base64"" -d > /tmp/art.sh && chmod +x /tmp/art.sh && /tmp/art.sh",Decode_Base64_Encoded_Text_attack76.log,Bypass Target Rule,Syslog Clearing or Removal Via System Utilities | Execution Of Script Located In Potentially Suspicious Directory
77,"echo ""ZWNobyBIZWxsbyBmcm9tIEF0b21pYyBSZWQgVGVhbSAmJiB1bmFtZSAtdgo="" | base64 --decode > /tmp/art.sh && chmod +x /tmp/art.sh && /tmp/art.sh",Decode_Base64_Encoded_Text_attack77.log,Bypass Target Rule,Syslog Clearing or Removal Via System Utilities | Execution Of Script Located In Potentially Suspicious Directory
78,"echo ""ZWNobyBIZWxsbyBmcm9tIEF0b21pYyBSZWQgVGVhbSAmJiB1bmFtZSAtdgo="" | base64 --dec > /tmp/art.sh && chmod +x /tmp/art.sh && /tmp/art.sh",Decode_Base64_Encoded_Text_attack78.log,Bypass Target Rule,Syslog Clearing or Removal Via System Utilities | Execution Of Script Located In Potentially Suspicious Directory
79,"echo ""ZWNobyBIZWxsbyBmcm9tIEF0b21pYyBSZWQgVGVhbSAmJiB1bmFtZSAtdgo="" | /usr/bin/base64 --decode > /tmp/art.sh && chmod +x /tmp/art.sh && /tmp/art.sh",Decode_Base64_Encoded_Text_attack79.log,Bypass Target Rule,Syslog Clearing or Removal Via System Utilities | Execution Of Script Located In Potentially Suspicious Directory
80,echo ZWNobyBIZWxsbyBmcm9tIEF0b21pYyBSZWQgVGVhbSAmJiB1bmFtZSAtdgo= | base64 -d - > /tmp/art.sh && chmod +x /tmp/art.sh && /tmp/art.sh,Decode_Base64_Encoded_Text_attack80.log,Bypass Target Rule,Syslog Clearing or Removal Via System Utilities | Execution Of Script Located In Potentially Suspicious Directory
81,echo ZWNobyBIZWxsbyBmcm9tIEF0b21pYyBSZWQgVGVhbSAmJiB1bmFtZSAtdgo= | base64 --decode - > /tmp/art.sh && chmod +x /tmp/art.sh && /tmp/art.sh,Decode_Base64_Encoded_Text_attack81.log,Bypass Target Rule,Syslog Clearing or Removal Via System Utilities | Execution Of Script Located In Potentially Suspicious Directory
82,echo ZWNobyBIZWxsbyBmcm9tIEF0b21pYyBSZWQgVGVhbSAmJiB1bmFtZSAtdgo= | /bin/base64 -d > /tmp/art.sh && chmod +x /tmp/art.sh && /tmp/art.sh,Decode_Base64_Encoded_Text_attack82.log,Bypass Target Rule,Syslog Clearing or Removal Via System Utilities | Execution Of Script Located In Potentially Suspicious Directory
83,echo ZWNobyBIZWxsbyBmcm9tIEF0b21pYyBSZWQgVGVhbSAmJiB1bmFtZSAtdgo= | /bin/base64 --decode > /tmp/art.sh && chmod +x /tmp/art.sh && /tmp/art.sh,Decode_Base64_Encoded_Text_attack83.log,Bypass Target Rule,Syslog Clearing or Removal Via System Utilities | Execution Of Script Located In Potentially Suspicious Directory
84,"printf ""ZWNobyBIZWxsbyBmcm9tIEF0b21pYyBSZWQgVGVhbSAmJiB1bmFtZSAtdgo="" | base64 --decode > /tmp/art.sh && chmod +x /tmp/art.sh && /tmp/art.sh",Decode_Base64_Encoded_Text_attack84.log,Bypass Target Rule,Syslog Clearing or Removal Via System Utilities | Execution Of Script Located In Potentially Suspicious Directory
85,"printf ""ZWNobyBIZWxsbyBmcm9tIEF0b21pYyBSZWQgVGVhbSAmJiB1bmFtZSAtdgo="" | base64 -d - > /tmp/art.sh && chmod +x /tmp/art.sh && /tmp/art.sh",Decode_Base64_Encoded_Text_attack85.log,Bypass Target Rule,Syslog Clearing or Removal Via System Utilities | Execution Of Script Located In Potentially Suspicious Directory
86,"base64 --decode <<< ""ZWNobyBIZWxsbyBmcm9tIEF0b21pYyBSZWQgVGVhbSAmJiB1bmFtZSAtdgo="" > /tmp/art.sh && chmod +x /tmp/art.sh && /tmp/art.sh",Decode_Base64_Encoded_Text_attack86.log,Bypass Target Rule,Syslog Clearing or Removal Via System Utilities | Execution Of Script Located In Potentially Suspicious Directory
87,"base64 -d <<< ""ZWNobyBIZWxsbyBmcm9tIEF0b21pYyBSZWQgVGVhbSAmJiB1bmFtZSAtdgo="" > /tmp/art.sh && chmod +x /tmp/art.sh && /tmp/art.sh",Decode_Base64_Encoded_Text_attack87.log,Bypass Target Rule,Syslog Clearing or Removal Via System Utilities | Execution Of Script Located In Potentially Suspicious Directory
88,"cat <<< ""ZWNobyBIZWxsbyBmcm9tIEF0b21pYyBSZWQgVGVhbSAmJiB1bmFtZSAtdgo="" | base64 --decode > /tmp/art.sh && chmod +x /tmp/art.sh && /tmp/art.sh",Decode_Base64_Encoded_Text_attack88.log,Bypass Target Rule,Syslog Clearing or Removal Via System Utilities | Execution Of Script Located In Potentially Suspicious Directory
89,echo ZWNobyBIZWxsbyBmcm9tIEF0b21pYyBSZWQgVGVhbSAmJiB1bmFtZSAtdgo= | base64 -d | tee /tmp/art.sh >/dev/null && chmod +x /tmp/art.sh && /tmp/art.sh,Decode_Base64_Encoded_Text_attack89.log,Trigger: Decode Base64 Encoded Text,Decode Base64 Encoded Text | Syslog Clearing or Removal Via System Utilities | Execution Of Script Located In Potentially Suspicious Directory
90,echo ZWNobyBIZWxsbyBmcm9tIEF0b21pYyBSZWQgVGVhbSAmJiB1bmFtZSAtdgo= | base64 --decode | tee /tmp/art.sh >/dev/null && chmod +x /tmp/art.sh && /tmp/art.sh,Decode_Base64_Encoded_Text_attack90.log,Trigger: Decode Base64 Encoded Text,Decode Base64 Encoded Text | Syslog Clearing or Removal Via System Utilities | Execution Of Script Located In Potentially Suspicious Directory
91,echo ZWNobyBIZWxsbyBmcm9tIEF0b21pYyBSZWQgVGVhbSAmJiB1bmFtZSAtdgo= | /usr/bin/base64 --dec > /tmp/art.sh && chmod +x /tmp/art.sh && /tmp/art.sh,Decode_Base64_Encoded_Text_attack91.log,Bypass Target Rule,Syslog Clearing or Removal Via System Utilities | Execution Of Script Located In Potentially Suspicious Directory
92,echo -n ZWNobyBIZWxsbyBmcm9tIEF0b21pYyBSZWQgVGVhbSAmJiB1bmFtZSAtdgo= | base64 --decode > /tmp/art.sh && chmod +x /tmp/art.sh && /tmp/art.sh,Decode_Base64_Encoded_Text_attack92.log,Bypass Target Rule,Syslog Clearing or Removal Via System Utilities | Execution Of Script Located In Potentially Suspicious Directory
93,echo -n ZWNobyBIZWxsbyBmcm9tIEF0b21pYyBSZWQgVGVhbSAmJiB1bmFtZSAtdgo= | base64 -d > /tmp/art.sh && chmod +x /tmp/art.sh && /tmp/art.sh,Decode_Base64_Encoded_Text_attack93.log,Bypass Target Rule,Syslog Clearing or Removal Via System Utilities | Execution Of Script Located In Potentially Suspicious Directory
94,base64 -d <<<ZWNobyBIZWxsbyBmcm9tIEF0b21pYyBSZWQgVGVhbSAmJiB1bmFtZSAtdgo= > /tmp/art.sh && chmod +x /tmp/art.sh && /tmp/art.sh,Decode_Base64_Encoded_Text_attack94.log,Bypass Target Rule,Syslog Clearing or Removal Via System Utilities | Execution Of Script Located In Potentially Suspicious Directory
95,base64 --decode <<<ZWNobyBIZWxsbyBmcm9tIEF0b21pYyBSZWQgVGVhbSAmJiB1bmFtZSAtdgo= > /tmp/art.sh && chmod +x /tmp/art.sh && /tmp/art.sh,Decode_Base64_Encoded_Text_attack95.log,Bypass Target Rule,Syslog Clearing or Removal Via System Utilities | Execution Of Script Located In Potentially Suspicious Directory
96,cat <<<ZWNobyBIZWxsbyBmcm9tIEF0b21pYyBSZWQgVGVhbSAmJiB1bmFtZSAtdgo= | base64 --decode > /tmp/art.sh && chmod +x /tmp/art.sh && /tmp/art.sh,Decode_Base64_Encoded_Text_attack96.log,Bypass Target Rule,Syslog Clearing or Removal Via System Utilities | Execution Of Script Located In Potentially Suspicious Directory
97,"base64 -d <<<""ZWNobyBIZWxsbyBmcm9tIEF0b21pYyBSZWQgVGVhbSAmJiB1bmFtZSAtdgo="" > /tmp/art.sh && chmod +x /tmp/art.sh && /tmp/art.sh",Decode_Base64_Encoded_Text_attack97.log,Bypass Target Rule,Syslog Clearing or Removal Via System Utilities | Execution Of Script Located In Potentially Suspicious Directory
98,base64 -d <<<ZWNobyBIZWxsbyBmcm9tIEF0b21pYyBSZWQgVGVhbSAmJiB1bmFtZSAtdgo= | tee /tmp/art.sh >/dev/null && chmod +x /tmp/art.sh && /tmp/art.sh,Decode_Base64_Encoded_Text_attack98.log,Bypass Target Rule,Syslog Clearing or Removal Via System Utilities | Execution Of Script Located In Potentially Suspicious Directory
99,"echo ""ZWNobyBIZWxsbyBmcm9tIEF0b21pYyBSZWQgVGVhbSAmJiB1bmFtZSAtdgo="" | base64 -d > /tmp/art.sh; chmod +x /tmp/art.sh; /tmp/art.sh",Decode_Base64_Encoded_Text_attack99.log,Bypass Target Rule,System Information Discovery | Syslog Clearing or Removal Via System Utilities | Execution Of Script Located In Potentially Suspicious Directory | Chmod Suspicious Directory
100,"echo ""ZWNobyBIZWxsbyBmcm9tIEF0b21pYyBSZWQgVGVhbSAmJiB1bmFtZSAtdgo=""|base64 -d>/tmp/art.sh;chmod +x /tmp/art.sh;/tmp/art.sh",Decode_Base64_Encoded_Text_attack100.log,Bypass Target Rule,System Information Discovery | Syslog Clearing or Removal Via System Utilities | Execution Of Script Located In Potentially Suspicious Directory | Chmod Suspicious Directory
101,"base64 -d<<<""ZWNobyBIZWxsbyBmcm9tIEF0b21pYyBSZWQgVGVhbSAmJiB1bmFtZSAtdgo="" > /tmp/art.sh;chmod +x /tmp/art.sh;/tmp/art.sh",Decode_Base64_Encoded_Text_attack101.log,Bypass Target Rule,Syslog Clearing or Removal Via System Utilities | Execution Of Script Located In Potentially Suspicious Directory
102,echo ZWNobyBIZWxsbyBmcm9tIEF0b21pYyBSZWQgVGVhbSAmJiB1bmFtZSAtdgo=|base64 -d>/tmp/art.sh;chmod +x /tmp/art.sh;/tmp/art.sh,Decode_Base64_Encoded_Text_attack102.log,Bypass Target Rule,System Information Discovery | Syslog Clearing or Removal Via System Utilities | Execution Of Script Located In Potentially Suspicious Directory | Chmod Suspicious Directory
103,echo ZWNobyBIZWxsbyBmcm9tIEF0b21pYyBSZWQgVGVhbSAmJiB1bmFtZSAtdgo=|base64 --decode>/tmp/art.sh;chmod +x/tmp/art.sh;/tmp/art.sh,Decode_Base64_Encoded_Text_attack103.log,Bypass Target Rule,System Information Discovery | Syslog Clearing or Removal Via System Utilities | Execution Of Script Located In Potentially Suspicious Directory | Chmod Suspicious Directory
104,echo ZWNobyBIZWxsbyBmcm9tIEF0b21pYyBSZWQgVGVhbSAmJiB1bmFtZSAtdgo=|base64|base64 -d|base64 -d>/tmp/art.sh;chmod +x /tmp/art.sh;/tmp/art.sh,Decode_Base64_Encoded_Text_attack104.log,Trigger: Decode Base64 Encoded Text,System Information Discovery | Syslog Clearing or Removal Via System Utilities | Chmod Suspicious Directory | Decode Base64 Encoded Text | Execution Of Script Located In Potentially Suspicious Directory
105,echo ZWNobyBIZWxsbyBmcm9tIEF0b21pYyBSZWQgVGVhbSAmJiB1bmFtZSAtdgo=|base64 -d|tee /tmp/art.sh>/dev/null;chmod +x /tmp/art.sh;/tmp/art.sh,Decode_Base64_Encoded_Text_attack105.log,Trigger: Decode Base64 Encoded Text,System Information Discovery | Syslog Clearing or Removal Via System Utilities | Chmod Suspicious Directory | Decode Base64 Encoded Text | Execution Of Script Located In Potentially Suspicious Directory
106,printf %s ZWNobyBIZWxsbyBmcm9tIEF0b21pYyBSZWQgVGVhbSAmJiB1bmFtZSAtdgo=|base64 -d>/tmp/art.sh;chmod +x/tmp/art.sh;/tmp/art.sh,Decode_Base64_Encoded_Text_attack106.log,Bypass Target Rule,System Information Discovery | Syslog Clearing or Removal Via System Utilities | Execution Of Script Located In Potentially Suspicious Directory | Chmod Suspicious Directory
107,echo ZWNobyBIZWxsbyBmcm9tIEF0b21pYyBSZWQgVGVhbSAmJiB1bmFtZSAtdgo=|base64 -d|cat >/tmp/art.sh;chmod +x /tmp/art.sh;/tmp/art.sh,Decode_Base64_Encoded_Text_attack107.log,Trigger: Decode Base64 Encoded Text,System Information Discovery | Syslog Clearing or Removal Via System Utilities | Chmod Suspicious Directory | Decode Base64 Encoded Text | Execution Of Script Located In Potentially Suspicious Directory
108,echo ZWNobyBIZWxsbyBmcm9tIEF0b21pYyBSZWQgVGVhbSAmJiB1bmFtZSAtdgo=|base64 -d|bash,Decode_Base64_Encoded_Text_attack108.log,Trigger: Decode Base64 Encoded Text,Decode Base64 Encoded Text | System Information Discovery | Syslog Clearing or Removal Via System Utilities | Linux Base64 Encoded Pipe to Shell
109,echo ZWNobyBIZWxsbyBmcm9tIEF0b21pYyBSZWQgVGVhbSAmJiB1bmFtZSAtdgo=|base64 --decode|sh,Decode_Base64_Encoded_Text_attack109.log,Trigger: Decode Base64 Encoded Text,Decode Base64 Encoded Text | System Information Discovery | Syslog Clearing or Removal Via System Utilities
110,base64 -d<<<ZWNobyBIZWxsbyBmcm9tIEF0b21pYyBSZWQgVGVhbSAmJiB1bmFtZSAtdgo=|bash,Decode_Base64_Encoded_Text_attack110.log,Bypass Target Rule,Syslog Clearing or Removal Via System Utilities | Linux Base64 Encoded Pipe to Shell
111,"echo ""ZWNobyBIZWxsbyBmcm9tIEF0b21pYyBSZWQgVGVhbSAmJiB1bmFtZSAtdgo="" | base64 --decode > /tmp/art.sh && chmod +x /tmp/art.sh && /tmp/art.sh",Decode_Base64_Encoded_Text_attack111.log,Bypass Target Rule,Syslog Clearing or Removal Via System Utilities | Execution Of Script Located In Potentially Suspicious Directory
112,printf '%s\n' ZWNobyBIZWxsbyBmcm9tIEF0b21pYyBSZWQgVGVhbSAmJiB1bmFtZSAtdgo= | base64 -d > /tmp/art.sh && chmod +x /tmp/art.sh && /tmp/art.sh,Decode_Base64_Encoded_Text_attack112.log,Bypass Target Rule,Syslog Clearing or Removal Via System Utilities | Execution Of Script Located In Potentially Suspicious Directory
113,"echo ""ZWNobyBIZWxsbyBmcm9tIEF0b21pYyBSZWQgVGVhbSAmJiB1bmFtZSAtdgo="" | base64 -d | tee /tmp/art.sh >/dev/null && chmod +x /tmp/art.sh && /tmp/art.sh",Decode_Base64_Encoded_Text_attack113.log,Trigger: Decode Base64 Encoded Text,Decode Base64 Encoded Text | Syslog Clearing or Removal Via System Utilities | Execution Of Script Located In Potentially Suspicious Directory
114,echo ZWNobyBIZWxsbyBmcm9tIEF0b21pYyBSZWQgVGVhbSAmJiB1bmFtZSAtdgo= | base64 -d | sh,Decode_Base64_Encoded_Text_attack114.log,Trigger: Decode Base64 Encoded Text,Decode Base64 Encoded Text | System Information Discovery | Syslog Clearing or Removal Via System Utilities | Linux Base64 Encoded Pipe to Shell
115,"base64 -d <<< ""ZWNobyBIZWxsbyBmcm9tIEF0b21pYyBSZWQgVGVhbSAmJiB1bmFtZSAtdgo="" > /tmp/art.sh && chmod +x /tmp/art.sh && /tmp/art.sh",Decode_Base64_Encoded_Text_attack115.log,Bypass Target Rule,Syslog Clearing or Removal Via System Utilities | Execution Of Script Located In Potentially Suspicious Directory
116,echo ZWNobyBIZWxsbyBmcm9tIEF0b21pYyBSZWQgVGVhbSAmJiB1bmFtZSAtdgo= | base64 -d | bash,Decode_Base64_Encoded_Text_attack116.log,Trigger: Decode Base64 Encoded Text,Decode Base64 Encoded Text | System Information Discovery | Syslog Clearing or Removal Via System Utilities | Linux Base64 Encoded Pipe to Shell
117,"(echo ""ZWNobyBIZWxsbyBmcm9tIEF0b21pYyBSZWQgVGVhbSAmJiB1bmFtZSAtdgo="" | base64 -d) > /tmp/art.sh; chmod +x /tmp/art.sh; /tmp/art.sh",Decode_Base64_Encoded_Text_attack117.log,Bypass Target Rule,System Information Discovery | Syslog Clearing or Removal Via System Utilities | Execution Of Script Located In Potentially Suspicious Directory | Chmod Suspicious Directory
118,export CMD=ZWNobyBIZWxsbyBmcm9tIEF0b21pYyBSZWQgVGVhbSAmJiB1bmFtZSAtdgo=; echo $CMD | base64 -d > /tmp/art.sh && chmod +x /tmp/art.sh && /tmp/art.sh,Decode_Base64_Encoded_Text_attack118.log,Bypass Target Rule,Syslog Clearing or Removal Via System Utilities | Execution Of Script Located In Potentially Suspicious Directory
119,"echo ""ZWNobyBIZWxsbyBmcm9tIEF0b21pYyBSZWQgVGVhbSAmJiB1bmFtZSAtdgo="" | openssl enc -base64 -d > /tmp/art.sh && chmod +x /tmp/art.sh && /tmp/art.sh",Decode_Base64_Encoded_Text_attack119.log,Bypass Target Rule,Syslog Clearing or Removal Via System Utilities | Execution Of Script Located In Potentially Suspicious Directory
120,"python3 -c 'import base64;open(""/tmp/art.sh"",""wb"").write(base64.b64decode(""ZWNobyBIZWxsbyBmcm9tIEF0b21pYyBSZWQgVGVhbSAmJiB1bmFtZSAtdgo=""))'; chmod +x /tmp/art.sh; /tmp/art.sh",Decode_Base64_Encoded_Text_attack120.log,Bypass Target Rule,System Information Discovery | Syslog Clearing or Removal Via System Utilities | Execution Of Script Located In Potentially Suspicious Directory | Chmod Suspicious Directory
121,"perl -MMIME::Base64 -e 'print decode_base64(""ZWNobyBIZWxsbyBmcm9tIEF0b21pYyBSZWQgVGVhbSAmJiB1bmFtZSAtdgo="")' > /tmp/art.sh; chmod +x /tmp/art.sh; /tmp/art.sh",Decode_Base64_Encoded_Text_attack121.log,Bypass Target Rule,System Information Discovery | Syslog Clearing or Removal Via System Utilities | Execution Of Script Located In Potentially Suspicious Directory | Chmod Suspicious Directory
122,"echo ""ZWNobyBIZWxsbyBmcm9tIEF0b21pYyBSZWQgVGVhbSAmJiB1bmFtZSAtdgo="" | base64 -d | bash",Decode_Base64_Encoded_Text_attack122.log,Trigger: Decode Base64 Encoded Text,Decode Base64 Encoded Text | System Information Discovery | Syslog Clearing or Removal Via System Utilities | Linux Base64 Encoded Pipe to Shell
123,cat <<< ZWNobyBIZWxsbyBmcm9tIEF0b21pYyBSZWQgVGVhbSAmJiB1bmFtZSAtdgo= | base64 -d | bash,Decode_Base64_Encoded_Text_attack123.log,Bypass Target Rule,Syslog Clearing or Removal Via System Utilities | Linux Base64 Encoded Pipe to Shell
124,"echo ""ZWNobyBIZWxsbyBmcm9tIEF0b21pYyBSZWQgVGVhbSAmJiB1bmFtZSAtdgo="" | base64 --decode | sh",Decode_Base64_Encoded_Text_attack124.log,Trigger: Decode Base64 Encoded Text,Decode Base64 Encoded Text | System Information Discovery | Syslog Clearing or Removal Via System Utilities | Linux Base64 Encoded Pipe to Shell
125,base64 -d <<<ZWNobyBIZWxsbyBmcm9tIEF0b21pYyBSZWQgVGVhbSAmJiB1bmFtZSAtdgo= | bash,Decode_Base64_Encoded_Text_attack125.log,Bypass Target Rule,Syslog Clearing or Removal Via System Utilities | Linux Base64 Encoded Pipe to Shell
126,(echo ZWNobyBIZWxsbyBmcm9tIEF0b21pYyBSZWQgVGVhbSAmJiB1bmFtZSAtdgo= | base64 -d) | bash,Decode_Base64_Encoded_Text_attack126.log,Trigger: Decode Base64 Encoded Text,Decode Base64 Encoded Text | System Information Discovery | Syslog Clearing or Removal Via System Utilities | Linux Base64 Encoded Pipe to Shell
127,printf ZWNobyBIZWxsbyBmcm9tIEF0b21pYyBSZWQgVGVhbSAmJiB1bmFtZSAtdgo= | base64 -d | bash,Decode_Base64_Encoded_Text_attack127.log,Trigger: Decode Base64 Encoded Text,Decode Base64 Encoded Text | System Information Discovery | Syslog Clearing or Removal Via System Utilities | Linux Base64 Encoded Pipe to Shell
128,"export VAR=""ZWNobyBIZWxsbyBmcm9tIEF0b21pYyBSZWQgVGVhbSAmJiB1bmFtZSAtdgo=""; echo $VAR | base64 -d | bash",Decode_Base64_Encoded_Text_attack128.log,Trigger: Decode Base64 Encoded Text,Decode Base64 Encoded Text | System Information Discovery | Syslog Clearing or Removal Via System Utilities | Linux Base64 Encoded Pipe to Shell
129,"base64 --decode <<<""ZWNobyBIZWxsbyBmcm9tIEF0b21pYyBSZWQgVGVhbSAmJiB1bmFtZSAtdgo="" | bash",Decode_Base64_Encoded_Text_attack129.log,Bypass Target Rule,Syslog Clearing or Removal Via System Utilities | Linux Base64 Encoded Pipe to Shell
130,"bash -c ""$(echo ZWNobyBIZWxsbyBmcm9tIEF0b21pYyBSZWQgVGVhbSAmJiB1bmFtZSAtdgo= | base64 -d)""",Decode_Base64_Encoded_Text_attack130.log,Trigger: Decode Base64 Encoded Text,Decode Base64 Encoded Text | System Information Discovery | Syslog Clearing or Removal Via System Utilities
131,"sh -c ""$(echo ZWNobyBIZWxsbyBmcm9tIEF0b21pYyBSZWQgVGVhbSAmJiB1bmFtZSAtdgo= | base64 -d)""",Decode_Base64_Encoded_Text_attack131.log,Trigger: Decode Base64 Encoded Text,Decode Base64 Encoded Text | System Information Discovery | Syslog Clearing or Removal Via System Utilities
132,echo ZWNobyBIZWxsbyBmcm9tIEF0b21pYyBSZWQgVGVhbSAmJiB1bmFtZSAtdgo= | base64 -d | tee /tmp/art.sh | bash,Decode_Base64_Encoded_Text_attack132.log,Trigger: Decode Base64 Encoded Text,System Information Discovery | Syslog Clearing or Removal Via System Utilities | Decode Base64 Encoded Text | Execution Of Script Located In Potentially Suspicious Directory | Linux Base64 Encoded Pipe to Shell
133,echo ZWNobyBIZWxsbyBmcm9tIEF0b21pYyBSZWQgVGVhbSAmJiB1bmFtZSAtdgo= | base64 -d | xargs -I{} bash -c '{}',Decode_Base64_Encoded_Text_attack133.log,Trigger: Decode Base64 Encoded Text,Decode Base64 Encoded Text | System Information Discovery | Syslog Clearing or Removal Via System Utilities
134,perl -MMIME::Base64 -ne 'print decode_base64($_)' <<< ZWNobyBIZWxsbyBmcm9tIEF0b21pYyBSZWQgVGVhbSAmJiB1bmFtZSAtdgo= | bash,Decode_Base64_Encoded_Text_attack134.log,Bypass Target Rule,Syslog Clearing or Removal Via System Utilities | Linux Base64 Encoded Pipe to Shell
135,"python -c 'import base64;print(base64.b64decode(""ZWNobyBIZWxsbyBmcm9tIEF0b21pYyBSZWQgVGVhbSAmJiB1bmFtZSAtdgo="").decode())' | bash",Decode_Base64_Encoded_Text_attack135.log,Bypass Target Rule,Syslog Clearing or Removal Via System Utilities
136,echo ZWNobyBIZWxsbyBmcm9tIEF0b21pYyBSZWQgVGVhbSAmJiB1bmFtZSAtdgo= | base64 -d | bash -s,Decode_Base64_Encoded_Text_attack136.log,Trigger: Decode Base64 Encoded Text,Decode Base64 Encoded Text | System Information Discovery | Syslog Clearing or Removal Via System Utilities | Linux Base64 Encoded Pipe to Shell
137,base64 -d <(echo ZWNobyBIZWxsbyBmcm9tIEF0b21pYyBSZWQgVGVhbSAmJiB1bmFtZSAtdgo=) > /tmp/art.sh && chmod +x /tmp/art.sh && /tmp/art.sh,Decode_Base64_Encoded_Text_attack137.log,Bypass Target Rule,Syslog Clearing or Removal Via System Utilities | Execution Of Script Located In Potentially Suspicious Directory
138,echo ZWNobyBIZWxsbyBmcm9tIEF0b21pYyBSZWQgVGVhbSAmJiB1bmFtZSAtdgo= | tr -d '\n' | base64 -d | bash,Decode_Base64_Encoded_Text_attack138.log,Trigger: Decode Base64 Encoded Text,Decode Base64 Encoded Text | System Information Discovery | Syslog Clearing or Removal Via System Utilities | Linux Base64 Encoded Pipe to Shell
139,echo -n ZWNobyBIZWxsbyBmcm9tIEF0b21pYyBSZWQgVGVhbSAmJiB1bmFtZSAtdgo= | base64 -d | bash,Decode_Base64_Encoded_Text_attack139.log,Trigger: Decode Base64 Encoded Text,Decode Base64 Encoded Text | System Information Discovery | Syslog Clearing or Removal Via System Utilities | Linux Base64 Encoded Pipe to Shell
140,(base64 -d <<< ZWNobyBIZWxsbyBmcm9tIEF0b21pYyBSZWQgVGVhbSAmJiB1bmFtZSAtdgo=) | sh,Decode_Base64_Encoded_Text_attack140.log,Bypass Target Rule,Syslog Clearing or Removal Via System Utilities | Linux Base64 Encoded Pipe to Shell
141,cat <(echo ZWNobyBIZWxsbyBmcm9tIEF0b21pYyBSZWQgVGVhbSAmJiB1bmFtZSAtdgo=) | base64 -d | bash,Decode_Base64_Encoded_Text_attack141.log,Bypass Target Rule,Syslog Clearing or Removal Via System Utilities | Linux Base64 Encoded Pipe to Shell
142,VAR=ZWNobyBIZWxsbyBmcm9tIEF0b21pYyBSZWQgVGVhbSAmJiB1bmFtZSAtdgo=; echo $VAR | base64 --decode | bash,Decode_Base64_Encoded_Text_attack142.log,Trigger: Decode Base64 Encoded Text,Decode Base64 Encoded Text | System Information Discovery | Syslog Clearing or Removal Via System Utilities | Linux Base64 Encoded Pipe to Shell
143,"echo -e ""ZWNobyBIZWxsbyBmcm9tIEF0b21pYyBSZWQgVGVhbSAmJiB1bmFtZSAtdgo="" | base64 -d | bash",Decode_Base64_Encoded_Text_attack143.log,Trigger: Decode Base64 Encoded Text,Decode Base64 Encoded Text | Syslog Clearing or Removal Via System Utilities | Linux Base64 Encoded Pipe to Shell
144,"bash -c ""`echo ZWNobyBIZWxsbyBmcm9tIEF0b21pYyBSZWQgVGVhbSAmJiB1bmFtZSAtdgo= | base64 -d`""",Decode_Base64_Encoded_Text_attack144.log,Trigger: Decode Base64 Encoded Text,Decode Base64 Encoded Text | System Information Discovery | Syslog Clearing or Removal Via System Utilities
145,"echo ""ZWNobyBIZWxsbyBmcm9tIEF0b21pYyBSZWQgVGVhbSAmJiB1bmFtZSAtdgo="" | base64 -d | (cat > /tmp/art.sh; chmod +x /tmp/art.sh; /tmp/art.sh)",Decode_Base64_Encoded_Text_attack145.log,Trigger: Decode Base64 Encoded Text,System Information Discovery | Syslog Clearing or Removal Via System Utilities | Chmod Suspicious Directory | Decode Base64 Encoded Text | Execution Of Script Located In Potentially Suspicious Directory
146,echo 'ZWNobyBIZWxsbyBmcm9tIEF0b21pYyBSZWQgVGVhbSAmJiB1bmFtZSAtdgo=' | base64 -d | bash,Decode_Base64_Encoded_Text_attack146.log,Trigger: Decode Base64 Encoded Text,Decode Base64 Encoded Text | System Information Discovery | Syslog Clearing or Removal Via System Utilities | Linux Base64 Encoded Pipe to Shell
147,"(echo ""ZWNobyBIZWxsbyBmcm9tIEF0b21pYyBSZWQgVGVhbSAmJiB1bmFtZSAtdgo="") | base64 -d | bash",Decode_Base64_Encoded_Text_attack147.log,Trigger: Decode Base64 Encoded Text,Decode Base64 Encoded Text | System Information Discovery | Syslog Clearing or Removal Via System Utilities | Linux Base64 Encoded Pipe to Shell
148,"echo ""ZWNobyBIZWxsbyBmcm9tIEF0b21pYyBSZWQgVGVhbSAmJiB1bmFtZSAtdgo="" | base64 --decode | bash",Decode_Base64_Encoded_Text_attack148.log,Trigger: Decode Base64 Encoded Text,Decode Base64 Encoded Text | System Information Discovery | Syslog Clearing or Removal Via System Utilities | Linux Base64 Encoded Pipe to Shell
149,echo ZWNobyBIZWxsbyBmcm9tIEF0b21pYyBSZWQgVGVhbSAmJiB1bmFtZSAtdgo= | base64 -d | /bin/bash,Decode_Base64_Encoded_Text_attack149.log,Trigger: Decode Base64 Encoded Text,Decode Base64 Encoded Text | System Information Discovery | Syslog Clearing or Removal Via System Utilities
150,echo ZWNobyBIZWxsbyBmcm9tIEF0b21pYyBSZWQgVGVhbSAmJiB1bmFtZSAtdgo= | base64 -d | /usr/bin/bash,Decode_Base64_Encoded_Text_attack150.log,Trigger: Decode Base64 Encoded Text,Decode Base64 Encoded Text | System Information Discovery | Syslog Clearing or Removal Via System Utilities
151,echo ZWNobyBIZWxsbyBmcm9tIEF0b21pYyBSZWQgVGVhbSAmJiB1bmFtZSAtdgo= | base64 -d | /bin/sh,Decode_Base64_Encoded_Text_attack151.log,Trigger: Decode Base64 Encoded Text,Decode Base64 Encoded Text | System Information Discovery | Syslog Clearing or Removal Via System Utilities
152,bash <(echo ZWNobyBIZWxsbyBmcm9tIEF0b21pYyBSZWQgVGVhbSAmJiB1bmFtZSAtdgo= | base64 -d),Decode_Base64_Encoded_Text_attack152.log,Bypass Target Rule,Syslog Clearing or Removal Via System Utilities
153,bash < <(echo ZWNobyBIZWxsbyBmcm9tIEF0b21pYyBSZWQgVGVhbSAmJiB1bmFtZSAtdgo= | base64 -d),Decode_Base64_Encoded_Text_attack153.log,Bypass Target Rule,Syslog Clearing or Removal Via System Utilities
154,source <(echo ZWNobyBIZWxsbyBmcm9tIEF0b21pYyBSZWQgVGVhbSAmJiB1bmFtZSAtdgo= | base64 -d),Decode_Base64_Encoded_Text_attack154.log,Bypass Target Rule,Syslog Clearing or Removal Via System Utilities
155,(echo ZWNobyBIZWxsbyBmcm9tIEF0b21pYyBSZWQgVGVhbSAmJiB1bmFtZSAtdgo= | base64 -d) | source /dev/stdin,Decode_Base64_Encoded_Text_attack155.log,Trigger: Decode Base64 Encoded Text,Decode Base64 Encoded Text | Syslog Clearing or Removal Via System Utilities
156,"nohup bash -c ""$(echo ZWNobyBIZWxsbyBmcm9tIEF0b21pYyBSZWQgVGVhbSAmJiB1bmFtZSAtdgo= | base64 -d)"" &",Decode_Base64_Encoded_Text_attack156.log,Trigger: Decode Base64 Encoded Text,Decode Base64 Encoded Text | System Information Discovery | Syslog Clearing or Removal Via System Utilities | Nohup Execution
157,eval $(echo ZWNobyBIZWxsbyBmcm9tIEF0b21pYyBSZWQgVGVhbSAmJiB1bmFtZSAtdgo= | base64 -d),Decode_Base64_Encoded_Text_attack157.log,Trigger: Decode Base64 Encoded Text,Decode Base64 Encoded Text | System Information Discovery | Syslog Clearing or Removal Via System Utilities
158,"bash -i -c ""$(echo ZWNobyBIZWxsbyBmcm9tIEF0b21pYyBSZWQgVGVhbSAmJiB1bmFtZSAtdgo= | base64 -d)""",Decode_Base64_Encoded_Text_attack158.log,Trigger: Decode Base64 Encoded Text,System Information Discovery | Syslog Clearing or Removal Via System Utilities | Bash Interactive Shell | Decode Base64 Encoded Text | Local Groups Discovery - Linux
,,,,
,,,,
=== SUMMARY REPORT ===,,,,
Total Commands (File),158,,,
Triggered Target,66,,,
TOTAL BYPASS RATE,92 / 158 (58.23%),,,
  > Bypass All,0,,,
  > Bypass Target Rule,92,,,
